model,games_predicted,correct_predictions,correct_percentage
logreg,161.0,92.0,0.5714285714285714
logreg_np,155.0,90.0,0.5806451612903226
dt,38.0,21.0,0.5526315789473685
rf,22.0,11.0,0.5
