model,games_predicted,correct_predictions,correct_percentage
logreg,147.0,85.0,0.5782312925170068
logreg_np,141.0,83.0,0.5886524822695035
dt,24.0,14.0,0.5833333333333334
rf,8.0,6.0,0.75
