model,games_predicted,correct_predictions,correct_percentage
logreg,144.0,83.0,0.5763888888888888
logreg_np,138.0,81.0,0.5869565217391305
dt,21.0,12.0,0.5714285714285714
rf,5.0,3.0,0.6
