model,games_predicted,correct_predictions,correct_percentage
logreg,197.0,108.0,0.5482233502538071
logreg_np,191.0,106.0,0.5549738219895288
dt,74.0,43.0,0.581081081081081
rf,58.0,27.0,0.46551724137931033
